
--Insert Customer
INSERT INTO Customer(CustomerId, CustomerName, CustomerDOB, CustomerGender, CustomerAddress, CustomerPhone) VALUES ('CU001', 'Katheryn Thomazin', '1999-04-12','Female', '599 Hoffman Plaza Street', '032688837913')
INSERT INTO Customer(CustomerId, CustomerName, CustomerDOB, CustomerGender, CustomerAddress, CustomerPhone) VALUES ('CU002', 'Gregoor Glencross', '1965-02-17','Male', '2713 Ramsey Plaza Street', '019229850457')
INSERT INTO Customer(CustomerId, CustomerName, CustomerDOB, CustomerGender, CustomerAddress, CustomerPhone) VALUES ('CU003', 'Maryanna Sandels', '1990-10-02','Female', '552 Bowman Plaza Street', '017448977963')
INSERT INTO Customer(CustomerId, CustomerName, CustomerDOB, CustomerGender, CustomerAddress, CustomerPhone) VALUES ('CU004', 'Loraine Darrel', '1960-01-22','Female', '5250 Rockefeller Crossing Street', '033053635232')
INSERT INTO Customer(CustomerId, CustomerName, CustomerDOB, CustomerGender, CustomerAddress, CustomerPhone) VALUES ('CU005', 'Carline Buxam', '1965-08-29','Female', '3675 Pierstorff Avenue Street', '017660965784')
INSERT INTO Customer(CustomerId, CustomerName, CustomerDOB, CustomerGender, CustomerAddress, CustomerPhone) VALUES ('CU006', 'Gothart Capener', '1969-09-16','Male', '4624 Grayhawk Avenue Street', '028877221288')
INSERT INTO Customer(CustomerId, CustomerName, CustomerDOB, CustomerGender, CustomerAddress, CustomerPhone) VALUES ('CU007', 'Hedvig Lacaze', '1962-06-16','Female', '06911 Sachs Place Street', '075935416995')
INSERT INTO Customer(CustomerId, CustomerName, CustomerDOB, CustomerGender, CustomerAddress, CustomerPhone) VALUES ('CU008', 'Adler Casiroli', '1981-04-29','Male', '4 Stang Pass Street', '080314239850')
INSERT INTO Customer(CustomerId, CustomerName, CustomerDOB, CustomerGender, CustomerAddress, CustomerPhone) VALUES ('CU009', 'Theresina Isakowicz', '1979-03-29','Female', '19 Hovde Junction Street', '021099813355')
INSERT INTO Customer(CustomerId, CustomerName, CustomerDOB, CustomerGender, CustomerAddress, CustomerPhone) VALUES ('CU010', 'Arnold Brosi', '1963-08-19','Male', '98225 Johnson Road Street', '098788895329')
--Insert Staff
INSERT INTO Staff(StaffId, StaffName, StaffDOB, StaffGender, StaffAddress, StaffPhone, StaffSalary) VALUES ('ST001', 'Shandy Marfe', '1975-04-24','Female', '779 Dexter Center Street', '086176097055', 2200000)
INSERT INTO Staff(StaffId, StaffName, StaffDOB, StaffGender, StaffAddress, StaffPhone, StaffSalary) VALUES ('ST002', 'Mohammed Morfey', '1961-07-06','Male', '5 Novick Drive Street', '063977930290', 3400000)
INSERT INTO Staff(StaffId, StaffName, StaffDOB, StaffGender, StaffAddress, StaffPhone, StaffSalary) VALUES ('ST003', 'Ripley Summersett', '1982-08-04','Male', '79172 Shopko Plaza Street', '019670315414', 3300000)
INSERT INTO Staff(StaffId, StaffName, StaffDOB, StaffGender, StaffAddress, StaffPhone, StaffSalary) VALUES ('ST004', 'Abra Pacheco', '1970-12-19','Female', '07 Mesta Point Street', '043036586062', 2000000)
INSERT INTO Staff(StaffId, StaffName, StaffDOB, StaffGender, StaffAddress, StaffPhone, StaffSalary) VALUES ('ST005', 'Modesty Lalley', '1963-06-25','Female', '2 Monica Circle Street', '046331696165', 2200000)
INSERT INTO Staff(StaffId, StaffName, StaffDOB, StaffGender, StaffAddress, StaffPhone, StaffSalary) VALUES ('ST006', 'Gertrudis Von Oertzen', '1990-05-05','Female', '16753 Barby Pass Street', '042983710802', 3200000)
INSERT INTO Staff(StaffId, StaffName, StaffDOB, StaffGender, StaffAddress, StaffPhone, StaffSalary) VALUES ('ST007', 'Nevins Olyff', '1986-10-06','Male', '81 Gerald Trail Street', '051918032874', 3000000)
INSERT INTO Staff(StaffId, StaffName, StaffDOB, StaffGender, StaffAddress, StaffPhone, StaffSalary) VALUES ('ST008', 'Tedmund Duchan', '1983-12-21','Male', '9757 2nd Parkway Street', '021270947183', 2700000)
INSERT INTO Staff(StaffId, StaffName, StaffDOB, StaffGender, StaffAddress, StaffPhone, StaffSalary) VALUES ('ST009', 'Jaine Tinsey', '1983-03-01','Female', '78 Superior Junction Street', '038752720382', 2600000)
INSERT INTO Staff(StaffId, StaffName, StaffDOB, StaffGender, StaffAddress, StaffPhone, StaffSalary) VALUES ('ST010', 'Kippy Stinton', '1996-08-14','Male', '2367 Farmco Point Street', '058244699960', 2900000)


--Insert Supplier
INSERT INTO Supplier(SupplierId, SupplierName, SupplierAddress, SupplierPhone) VALUES ('SP001', 'Karil Simenel', '3586 Bobwhite Parkway Street','061441707857')
INSERT INTO Supplier(SupplierId, SupplierName, SupplierAddress, SupplierPhone) VALUES ('SP002', 'Matilda Duckerin', '1 Pankratz Crossing Street','019118610208')
INSERT INTO Supplier(SupplierId, SupplierName, SupplierAddress, SupplierPhone) VALUES ('SP003', 'Kilian Robjents', '7115 Glacier Hill Center Street','097394352825')
INSERT INTO Supplier(SupplierId, SupplierName, SupplierAddress, SupplierPhone) VALUES ('SP004', 'Junie Halley', '77722 Anderson Road Street','098670970723')
INSERT INTO Supplier(SupplierId, SupplierName, SupplierAddress, SupplierPhone) VALUES ('SP005', 'Kendre Camoys', '62089 Prentice Junction Street','054331786598')
INSERT INTO Supplier(SupplierId, SupplierName, SupplierAddress, SupplierPhone) VALUES ('SP006', 'Maryjane MacGorrie', '91 Kedzie Drive Street','095446724298')
INSERT INTO Supplier(SupplierId, SupplierName, SupplierAddress, SupplierPhone) VALUES ('SP007', 'Philipa Crann', '96358 Kim Hill Street','025556277951')
INSERT INTO Supplier(SupplierId, SupplierName, SupplierAddress, SupplierPhone) VALUES ('SP008', 'Sascha Horning', '7 Jenifer Lane Street','024925989063')
INSERT INTO Supplier(SupplierId, SupplierName, SupplierAddress, SupplierPhone) VALUES ('SP009', 'Tiffany Morando', '3 Shoshone Hill Street','071117789153')
INSERT INTO Supplier(SupplierId, SupplierName, SupplierAddress, SupplierPhone) VALUES ('SP010', 'Gray Erni', '46 Rigney Road Street','037937372382')

--Insert Ramen
INSERT INTO Ramen(RamenId, RamenName, Price) VALUES ('RA001', 'Chicken Ramen', 50000)
INSERT INTO Ramen(RamenId, RamenName, Price) VALUES ('RA002', 'Pork Ramen', 55000)
INSERT INTO Ramen(RamenId, RamenName, Price) VALUES ('RA003', 'Beef Ramen', 55000)
INSERT INTO Ramen(RamenId, RamenName, Price) VALUES ('RA004', 'Oriental Ramen', 53000)
INSERT INTO Ramen(RamenId, RamenName, Price) VALUES ('RA005', 'Shrimp Ramen', 58000)
INSERT INTO Ramen(RamenId, RamenName, Price) VALUES ('RA006', 'Seafood Ramen', 55000)
INSERT INTO Ramen(RamenId, RamenName, Price) VALUES ('RA007', 'Chili Ramen', 50000)
INSERT INTO Ramen(RamenId, RamenName, Price) VALUES ('RA008', 'Miso Ramen', 60000)
INSERT INTO Ramen(RamenId, RamenName, Price) VALUES ('RA009', 'Shoyu Ramen', 60000)
INSERT INTO Ramen(RamenId, RamenName, Price) VALUES ('RA010', 'Shio Ramen', 60000)

--Insert Ingredient
INSERT INTO Ingredient(IngId, IngName, IngStock) VALUES ('RI001', 'Chicken Flavoring', 30)
INSERT INTO Ingredient(IngId, IngName, IngStock) VALUES ('RI002', 'Pork Flavoring', 20)
INSERT INTO Ingredient(IngId, IngName, IngStock) VALUES ('RI003', 'Beef Flavoring', 20)
INSERT INTO Ingredient(IngId, IngName, IngStock) VALUES ('RI004', 'Oriental Flavoring', 15)
INSERT INTO Ingredient(IngId, IngName, IngStock) VALUES ('RI005', 'Shrimp Flavoring', 15)
INSERT INTO Ingredient(IngId, IngName, IngStock) VALUES ('RI006', 'Seafood Flavoring', 10)
INSERT INTO Ingredient(IngId, IngName, IngStock) VALUES ('RI007', 'Chili Flavoring', 25)
INSERT INTO Ingredient(IngId, IngName, IngStock) VALUES ('RI008', 'Miso Flavoring', 15)
INSERT INTO Ingredient(IngId, IngName, IngStock) VALUES ('RI009', 'Shoyu Flavoring', 20)
INSERT INTO Ingredient(IngId, IngName, IngStock) VALUES ('RI010', 'Shio Flavoring', 10)
INSERT INTO Ingredient(IngId, IngName, IngStock) VALUES ('RI011', 'Noodles', 100)
INSERT INTO Ingredient(IngId, IngName, IngStock) VALUES ('RI012', 'Egg', 25)

--Insert PurchaseTransaction
INSERT INTO PurchaseTransaction(PurchaseId, StaffId, SupplierId, PurchaseDate) VALUES ('PU001', 'ST001', 'SP001','2016-01-06')
INSERT INTO PurchaseTransaction(PurchaseId, StaffId, SupplierId, PurchaseDate) VALUES ('PU002', 'ST002', 'SP002','2016-01-12')
INSERT INTO PurchaseTransaction(PurchaseId, StaffId, SupplierId, PurchaseDate) VALUES ('PU003', 'ST003', 'SP003','2016-03-04')
INSERT INTO PurchaseTransaction(PurchaseId, StaffId, SupplierId, PurchaseDate) VALUES ('PU004', 'ST004', 'SP004','2016-03-08')
INSERT INTO PurchaseTransaction(PurchaseId, StaffId, SupplierId, PurchaseDate) VALUES ('PU005', 'ST005', 'SP005','2016-04-23')
INSERT INTO PurchaseTransaction(PurchaseId, StaffId, SupplierId, PurchaseDate) VALUES ('PU006', 'ST006', 'SP006','2016-05-06')
INSERT INTO PurchaseTransaction(PurchaseId, StaffId, SupplierId, PurchaseDate) VALUES ('PU007', 'ST007', 'SP007','2016-06-06')
INSERT INTO PurchaseTransaction(PurchaseId, StaffId, SupplierId, PurchaseDate) VALUES ('PU008', 'ST008', 'SP008','2016-06-16')
INSERT INTO PurchaseTransaction(PurchaseId, StaffId, SupplierId, PurchaseDate) VALUES ('PU009', 'ST009', 'SP009','2016-11-08')
INSERT INTO PurchaseTransaction(PurchaseId, StaffId, SupplierId, PurchaseDate) VALUES ('PU010', 'ST010', 'SP010','2016-11-19')
INSERT INTO PurchaseTransaction(PurchaseId, StaffId, SupplierId, PurchaseDate) VALUES ('PU011', 'ST002', 'SP005','2016-12-13')
INSERT INTO PurchaseTransaction(PurchaseId, StaffId, SupplierId, PurchaseDate) VALUES ('PU012', 'ST001', 'SP009','2017-01-04')
INSERT INTO PurchaseTransaction(PurchaseId, StaffId, SupplierId, PurchaseDate) VALUES ('PU013', 'ST009', 'SP010','2017-08-02')
INSERT INTO PurchaseTransaction(PurchaseId, StaffId, SupplierId, PurchaseDate) VALUES ('PU014', 'ST007', 'SP002','2017-11-04')
INSERT INTO PurchaseTransaction(PurchaseId, StaffId, SupplierId, PurchaseDate) VALUES ('PU015', 'ST004', 'SP006','2017-12-02')

--Insert PurchaseTransactionDetail
INSERT INTO PurchaseTransactionDetail(PurchaseId, IngId, Qty) VALUES ('PU001', 'RI012', 2)
INSERT INTO PurchaseTransactionDetail(PurchaseId, IngId, Qty) VALUES ('PU001', 'RI004', 6)
INSERT INTO PurchaseTransactionDetail(PurchaseId, IngId, Qty) VALUES ('PU001', 'RI011', 5)
INSERT INTO PurchaseTransactionDetail(PurchaseId, IngId, Qty) VALUES ('PU002', 'RI004', 4)
INSERT INTO PurchaseTransactionDetail(PurchaseId, IngId, Qty) VALUES ('PU002', 'RI012', 10)
INSERT INTO PurchaseTransactionDetail(PurchaseId, IngId, Qty) VALUES ('PU003', 'RI007', 3)
INSERT INTO PurchaseTransactionDetail(PurchaseId, IngId, Qty) VALUES ('PU004', 'RI009', 7)
INSERT INTO PurchaseTransactionDetail(PurchaseId, IngId, Qty) VALUES ('PU004', 'RI005', 6)
INSERT INTO PurchaseTransactionDetail(PurchaseId, IngId, Qty) VALUES ('PU004', 'RI010', 1)
INSERT INTO PurchaseTransactionDetail(PurchaseId, IngId, Qty) VALUES ('PU005', 'RI007', 5)
INSERT INTO PurchaseTransactionDetail(PurchaseId, IngId, Qty) VALUES ('PU005', 'RI005', 10)
INSERT INTO PurchaseTransactionDetail(PurchaseId, IngId, Qty) VALUES ('PU006', 'RI009', 1)
INSERT INTO PurchaseTransactionDetail(PurchaseId, IngId, Qty) VALUES ('PU006', 'RI011', 6)
INSERT INTO PurchaseTransactionDetail(PurchaseId, IngId, Qty) VALUES ('PU007', 'RI004', 1)
INSERT INTO PurchaseTransactionDetail(PurchaseId, IngId, Qty) VALUES ('PU008', 'RI012', 7)
INSERT INTO PurchaseTransactionDetail(PurchaseId, IngId, Qty) VALUES ('PU009', 'RI010', 6)
INSERT INTO PurchaseTransactionDetail(PurchaseId, IngId, Qty) VALUES ('PU010', 'RI005', 6)
INSERT INTO PurchaseTransactionDetail(PurchaseId, IngId, Qty) VALUES ('PU011', 'RI010', 10)
INSERT INTO PurchaseTransactionDetail(PurchaseId, IngId, Qty) VALUES ('PU012', 'RI011', 8)
INSERT INTO PurchaseTransactionDetail(PurchaseId, IngId, Qty) VALUES ('PU013', 'RI007', 6)
INSERT INTO PurchaseTransactionDetail(PurchaseId, IngId, Qty) VALUES ('PU014', 'RI011', 1)
INSERT INTO PurchaseTransactionDetail(PurchaseId, IngId, Qty) VALUES ('PU014', 'RI001', 4)
INSERT INTO PurchaseTransactionDetail(PurchaseId, IngId, Qty) VALUES ('PU014', 'RI007', 2)
INSERT INTO PurchaseTransactionDetail(PurchaseId, IngId, Qty) VALUES ('PU015', 'RI001', 1)
INSERT INTO PurchaseTransactionDetail(PurchaseId, IngId, Qty) VALUES ('PU015', 'RI005', 4)

--Insert SalesTransaction
INSERT INTO SalesTransaction(SalesId, CustomerId, StaffId, SalesDate) VALUES ('SL001', 'CU001', 'ST001','2016-04-13')
INSERT INTO SalesTransaction(SalesId, CustomerId, StaffId, SalesDate) VALUES ('SL002', 'CU002', 'ST003','2017-03-08')
INSERT INTO SalesTransaction(SalesId, CustomerId, StaffId, SalesDate) VALUES ('SL003', 'CU003', 'ST004','2017-05-29')
INSERT INTO SalesTransaction(SalesId, CustomerId, StaffId, SalesDate) VALUES ('SL004', 'CU004', 'ST002','2018-11-27')
INSERT INTO SalesTransaction(SalesId, CustomerId, StaffId, SalesDate) VALUES ('SL005', 'CU005', 'ST008','2016-06-22')
INSERT INTO SalesTransaction(SalesId, CustomerId, StaffId, SalesDate) VALUES ('SL006', 'CU006', 'ST006','2019-06-12')
INSERT INTO SalesTransaction(SalesId, CustomerId, StaffId, SalesDate) VALUES ('SL007', 'CU007', 'ST007','2019-06-16')
INSERT INTO SalesTransaction(SalesId, CustomerId, StaffId, SalesDate) VALUES ('SL008', 'CU008', 'ST005','2019-12-02')
INSERT INTO SalesTransaction(SalesId, CustomerId, StaffId, SalesDate) VALUES ('SL009', 'CU009', 'ST001','2017-10-20')
INSERT INTO SalesTransaction(SalesId, CustomerId, StaffId, SalesDate) VALUES ('SL010', 'CU010', 'ST010','2019-08-12')
INSERT INTO SalesTransaction(SalesId, CustomerId, StaffId, SalesDate) VALUES ('SL011', 'CU006', 'ST008','2018-08-27')
INSERT INTO SalesTransaction(SalesId, CustomerId, StaffId, SalesDate) VALUES ('SL012', 'CU002', 'ST009','2017-01-26')
INSERT INTO SalesTransaction(SalesId, CustomerId, StaffId, SalesDate) VALUES ('SL013', 'CU001', 'ST003','2017-01-27')
INSERT INTO SalesTransaction(SalesId, CustomerId, StaffId, SalesDate) VALUES ('SL014', 'CU008', 'ST002','2017-08-09')
INSERT INTO SalesTransaction(SalesId, CustomerId, StaffId, SalesDate) VALUES ('SL015', 'CU006', 'ST007','2017-02-27')

--Insert SalesTransactionDetail
INSERT INTO SalesTransactionDetail(SalesId, RamenId, Qty) VALUES ('SL001', 'RA008', 2)
INSERT INTO SalesTransactionDetail(SalesId, RamenId, Qty) VALUES ('SL001', 'RA005', 4)
INSERT INTO SalesTransactionDetail(SalesId, RamenId, Qty) VALUES ('SL002', 'RA004', 3)
INSERT INTO SalesTransactionDetail(SalesId, RamenId, Qty) VALUES ('SL002', 'RA007', 2)
INSERT INTO SalesTransactionDetail(SalesId, RamenId, Qty) VALUES ('SL002', 'RA003', 3)
INSERT INTO SalesTransactionDetail(SalesId, RamenId, Qty) VALUES ('SL003', 'RA001', 3)
INSERT INTO SalesTransactionDetail(SalesId, RamenId, Qty) VALUES ('SL003', 'RA002', 4)
INSERT INTO SalesTransactionDetail(SalesId, RamenId, Qty) VALUES ('SL004', 'RA010', 4)
INSERT INTO SalesTransactionDetail(SalesId, RamenId, Qty) VALUES ('SL004', 'RA004', 1)
INSERT INTO SalesTransactionDetail(SalesId, RamenId, Qty) VALUES ('SL005', 'RA009', 3)
INSERT INTO SalesTransactionDetail(SalesId, RamenId, Qty) VALUES ('SL005', 'RA004', 3)
INSERT INTO SalesTransactionDetail(SalesId, RamenId, Qty) VALUES ('SL006', 'RA006', 4)
INSERT INTO SalesTransactionDetail(SalesId, RamenId, Qty) VALUES ('SL007', 'RA008', 3)
INSERT INTO SalesTransactionDetail(SalesId, RamenId, Qty) VALUES ('SL008', 'RA003', 2)
INSERT INTO SalesTransactionDetail(SalesId, RamenId, Qty) VALUES ('SL009', 'RA006', 2)
INSERT INTO SalesTransactionDetail(SalesId, RamenId, Qty) VALUES ('SL010', 'RA001', 4)
INSERT INTO SalesTransactionDetail(SalesId, RamenId, Qty) VALUES ('SL010', 'RA001', 4)
INSERT INTO SalesTransactionDetail(SalesId, RamenId, Qty) VALUES ('SL010', 'RA008', 1)
INSERT INTO SalesTransactionDetail(SalesId, RamenId, Qty) VALUES ('SL011', 'RA010', 2)
INSERT INTO SalesTransactionDetail(SalesId, RamenId, Qty) VALUES ('SL012', 'RA010', 1)
INSERT INTO SalesTransactionDetail(SalesId, RamenId, Qty) VALUES ('SL013', 'RA005', 1)
INSERT INTO SalesTransactionDetail(SalesId, RamenId, Qty) VALUES ('SL013', 'RA003', 2)
INSERT INTO SalesTransactionDetail(SalesId, RamenId, Qty) VALUES ('SL014', 'RA005', 3)
INSERT INTO SalesTransactionDetail(SalesId, RamenId, Qty) VALUES ('SL015', 'RA004', 3)
INSERT INTO SalesTransactionDetail(SalesId, RamenId, Qty) VALUES ('SL015', 'RA007', 3)

--Insert RecipeDetail
INSERT INTO RecipeDetail(RamenId, IngId, IngQty) VALUES ('RA001', 'RI001', 1)
INSERT INTO RecipeDetail(RamenId, IngId, IngQty) VALUES ('RA001', 'RI011', 1)
INSERT INTO RecipeDetail(RamenId, IngId, IngQty) VALUES ('RA002', 'RI002', 1)
INSERT INTO RecipeDetail(RamenId, IngId, IngQty) VALUES ('RA002', 'RI011', 1)
INSERT INTO RecipeDetail(RamenId, IngId, IngQty) VALUES ('RA003', 'RI003', 1)
INSERT INTO RecipeDetail(RamenId, IngId, IngQty) VALUES ('RA003', 'RI011', 1)
INSERT INTO RecipeDetail(RamenId, IngId, IngQty) VALUES ('RA004', 'RI004', 1)
INSERT INTO RecipeDetail(RamenId, IngId, IngQty) VALUES ('RA004', 'RI011', 1)
INSERT INTO RecipeDetail(RamenId, IngId, IngQty) VALUES ('RA005', 'RI005', 1)
INSERT INTO RecipeDetail(RamenId, IngId, IngQty) VALUES ('RA005', 'RI011', 1)
INSERT INTO RecipeDetail(RamenId, IngId, IngQty) VALUES ('RA006', 'RI006', 1)
INSERT INTO RecipeDetail(RamenId, IngId, IngQty) VALUES ('RA006', 'RI011', 1)
INSERT INTO RecipeDetail(RamenId, IngId, IngQty) VALUES ('RA006', 'RI012', 1)
INSERT INTO RecipeDetail(RamenId, IngId, IngQty) VALUES ('RA007', 'RI007', 1)
INSERT INTO RecipeDetail(RamenId, IngId, IngQty) VALUES ('RA007', 'RI011', 1)
INSERT INTO RecipeDetail(RamenId, IngId, IngQty) VALUES ('RA007', 'RI012', 1)
INSERT INTO RecipeDetail(RamenId, IngId, IngQty) VALUES ('RA008', 'RI008', 1)
INSERT INTO RecipeDetail(RamenId, IngId, IngQty) VALUES ('RA008', 'RI011', 1)
INSERT INTO RecipeDetail(RamenId, IngId, IngQty) VALUES ('RA008', 'RI012', 1)
INSERT INTO RecipeDetail(RamenId, IngId, IngQty) VALUES ('RA009', 'RI009', 1)
INSERT INTO RecipeDetail(RamenId, IngId, IngQty) VALUES ('RA009', 'RI011', 1)
INSERT INTO RecipeDetail(RamenId, IngId, IngQty) VALUES ('RA009', 'RI012', 1)
INSERT INTO RecipeDetail(RamenId, IngId, IngQty) VALUES ('RA010', 'RI010', 1)
INSERT INTO RecipeDetail(RamenId, IngId, IngQty) VALUES ('RA010', 'RI011', 1)
INSERT INTO RecipeDetail(RamenId, IngId, IngQty) VALUES ('RA010', 'RI012', 1)
